Feature,Coefficient
income_bracket,-0.7726583283280499
subscription_burden,0.48837692525365134
monthly_sub_spending,-0.038077276155956956
streaming_video,-0.03638119567522621
meal_kits,-0.031208002314042485
age,-0.030013171278126652
news_media,-0.02958467324259166
active_subscriptions,0.025891073436902324
cloud_storage,-0.025520765305114355
education,-0.020903299142801937
software,0.01657946605882259
household_size,0.015247116809546029
other_subscriptions,-0.013523077159533037
retail_membership,-0.007819743551951896
fitness,-0.002914260056349851
streaming_music,0.0025143436593342687
gaming,0.0008162642534148064
