Category,Penetration,Avg Spend (if have)
Video Streaming,90.19333333333334,25.230766705644072
Retail Memberships,74.99333333333334,12.113722355741961
Music Streaming,63.65333333333333,12.022283566592046
Cloud Storage,51.13333333333333,10.287658287874875
Software/Apps,37.52666666666667,22.49933478723233
Fitness/Gym,32.126666666666665,45.996455308627475
Other Subscriptions,31.453333333333333,29.17159809755753
Gaming Services,28.76,14.93712821838331
News/Media,24.14,15.725137800423285
Meal Kits,14.293333333333333,80.97633794683723
