Burden Range,Burden Midpoint,N,Stress Rate,Satisfaction,Stress Change
0-1%,0.5,4244,14.632422243166824,5.6788407163053725,
1-2%,1.5,4093,24.016613730759833,5.334962130466651,9.384191487593009
2-3%,2.5,2189,34.719049794426674,4.998172681589767,10.702436063666841
3-4%,3.5,1259,41.38204924543288,4.697378872120731,6.662999451006208
4-5%,4.5,735,45.85034013605443,4.681632653061224,4.468290890621546
5-6%,5.5,517,64.79690522243715,3.996131528046422,18.94656508638272
6-7%,6.5,370,64.86486486486487,3.862162162162162,0.06795964242772357
7-8%,7.5,301,71.09634551495017,3.7176079734219267,6.231480650085302
8-9%,8.5,237,70.46413502109705,3.717299578059072,-0.6322104938531226
9-10%,9.5,187,64.70588235294117,3.6470588235294117,-5.758252668155876
10-11%,10.5,138,78.26086956521739,3.2971014492753623,13.554987212276217
11-12%,11.5,112,79.46428571428571,3.1517857142857144,1.2034161490683175
12-13%,12.5,96,84.375,3.1979166666666665,4.910714285714292
13-14%,13.5,87,78.16091954022988,2.942528735632184,-6.214080459770116
14-15%,14.5,70,84.28571428571429,3.0714285714285716,6.124794745484408
15-16%,15.5,58,98.27586206896551,2.4827586206896552,13.990147783251217
16-17%,16.5,51,90.19607843137256,2.549019607843137,-8.079783637592953
