state,Avg Knowledge,Distress Rate,N
AK,3.861,71.3,502
AL,3.806,72.2,489
AR,3.873,68.2,488
AZ,3.774,70.3,508
CA,3.884,71.6,458
CO,3.954,68.9,495
CT,3.881,72.8,514
DC,3.982,69.9,509
DE,3.963,67.1,510
FL,3.844,72.3,524
GA,3.944,71.1,498
HI,3.751,75.1,518
IA,3.899,72.2,454
ID,3.955,69.6,506
IL,3.964,69.8,504
IN,3.787,72.0,478
KS,3.954,70.9,478
KY,3.992,69.5,498
LA,3.778,70.0,473
MA,3.866,69.0,516
MD,3.936,70.2,486
ME,3.79,70.5,529
MI,3.929,72.9,505
MN,3.921,69.9,468
MO,3.865,70.6,497
MS,3.886,70.8,472
MT,3.78,71.2,482
NC,3.959,72.0,464
ND,3.868,71.8,485
NE,3.894,68.3,451
NH,3.876,71.3,453
NJ,3.782,71.5,495
NM,3.789,73.0,455
NV,3.97,70.3,465
NY,3.827,70.8,469
OH,3.868,72.1,506
OK,3.837,71.5,526
OR,3.768,71.7,501
PA,4.0,70.0,490
RI,3.904,71.3,501
SC,3.729,71.8,476
SD,3.844,72.4,468
TN,3.924,71.3,460
TX,3.869,71.0,520
UT,3.881,73.1,495
VA,3.871,71.2,473
VT,3.882,71.6,510
WA,3.816,73.3,516
WI,3.963,68.9,485
WV,3.899,70.4,473
WY,3.825,71.4,504
