date,national_phs,phs_1m_change,phs_3m_change,phs_yoy_change
2022-01-01,70.87631368772651,,,
2022-02-01,72.4504046355431,1.574090947816586,,
2022-03-01,72.98054933990245,0.5301447043593583,,
2022-04-01,73.17399294191121,0.193443602008756,2.2976792541847004,
2022-05-01,73.58401602148179,0.4100230795705784,1.1336113859386927,
2022-06-01,72.72538956062559,-0.8586264608562004,-0.25515977927686606,
2022-07-01,73.13843596227476,0.4130464016491686,-0.035556979636453434,
2022-08-01,71.57593807327899,-1.5624978889957646,-2.0080779482027964,
2022-09-01,71.3942144787154,-0.18172359456359288,-1.3311750819101889,
2022-10-01,72.47474981901891,1.0805353403035127,-0.6636861432558447,
2022-11-01,73.32436237816712,0.8496125591482127,1.7484243048881325,
2022-12-01,73.13570637742282,-0.18865600074430233,1.741491898707423,
2023-01-01,73.81557469695836,0.6798683195355437,1.340824877939454,2.9392610092318563
2023-02-01,74.15964060597953,0.3440659090211682,0.8352782278124096,1.7092359704364384
2023-03-01,74.03580663617397,-0.12383396980555972,0.9001002587511522,1.0552572962715203
2023-04-01,75.10726453999712,1.0714579038231449,1.2916898430387533,1.9332715980859092
2023-05-01,73.66652923823419,-1.4407353017629276,-0.4931113677453425,0.0825132167524032
2023-06-01,72.00987488760083,-1.6566543506333602,-2.025931748573143,-0.7155146730247566
2023-07-01,70.82298260654574,-1.1868922810550941,-4.284281933451382,-2.3154533557290193
2023-08-01,70.09933104901435,-0.7236515575313831,-3.5671981892198374,-1.4766070242646379
2023-09-01,69.64599475632589,-0.4533362926884621,-2.3638801312749393,-1.748219722389507
2023-10-01,70.44666076042223,0.8006660040963425,-0.3763218461235027,-2.0280890585966773
2023-11-01,70.39148733060728,-0.055173429814956876,0.2921562815929235,-2.932875047559847
2023-12-01,70.91443456284848,0.5229472322412079,1.2684398065225935,-2.2212718145743366
2024-01-01,70.9599146050855,0.04548004223701696,0.513253844663268,-2.8556600918728634
2024-02-01,72.8237793913493,1.8638647862638038,2.4322920607420286,-1.3358612146302278
2024-03-01,72.11355700559362,-0.7102223857556851,1.1991224427451357,-1.9222496305803531
2024-04-01,72.07676976949588,-0.036787236097737264,1.1168551644103815,-3.0304947705012353
2024-05-01,71.99751480370689,-0.07925496578899072,-0.8262645876424131,-1.6690144345272984
2024-06-01,71.38379090700198,-0.6137238967049115,-0.7297660985916394,-0.6260839805988496
2024-07-01,71.55182986482934,0.16803895782736333,-0.5249399046665388,0.7288472582836079
2024-08-01,71.0042261799516,-0.5476036848777426,-0.9932886237552907,0.9048951309372484
2024-09-01,71.09288769331894,0.08866151336734163,-0.2909032136830376,1.446892936993052
2024-10-01,72.81556819557359,1.7226805022546472,1.2637383307442462,2.368907435151357
2024-11-01,72.41701139449383,-0.39855680107976355,1.4127852145422253,2.02552406388655
2024-12-01,75.37083060807879,2.953819213584964,4.277942914759848,4.456396045230306
