date,metro,weighted_score,weight_total,sample_size,payment_health_score
2022-01-01,Atlanta,4741.1539103574005,64.67,442,73.31303402439153
2022-01-01,Austin,3409.3890634952777,50.0,350,68.18778126990556
2022-01-01,Boston,3878.5905605891357,55.06,386,70.4429814854547
2022-01-01,Charlotte,3402.475461049368,50.0,350,68.04950922098736
2022-01-01,Chicago,7197.6626737664155,100.74,707,71.44791218747683
2022-01-01,Dallas,6025.237921640404,82.58,575,72.96243547639143
2022-01-01,Denver,3519.9674984932917,50.0,350,70.39934996986584
2022-01-01,Detroit,3528.7320726752955,50.0,350,70.5746414535059
2022-01-01,Houston,4204.008150739315,60.33,424,69.68354302568068
2022-01-01,Los Angeles,9531.696214449079,128.37,894,74.25174273155004
2022-01-01,Miami,4152.581611350976,60.879999999999995,429,68.20929059380711
2022-01-01,Minneapolis,3570.6244424154042,50.0,350,71.41248884830809
2022-01-01,New York,12803.435591884556,184.34,1323,69.45554731411823
2022-01-01,Philadelphia,4187.065966887545,60.22,418,69.52949131331029
2022-01-01,Phoenix,3747.667644012215,51.44,363,72.8551252723992
2022-01-01,San Antonio,3634.427716844594,50.0,350,72.68855433689188
2022-01-01,San Diego,3559.2825902389764,50.0,350,71.18565180477952
2022-01-01,San Jose,3294.674094919207,50.0,350,65.89348189838414
2022-01-01,Seattle,3762.943231628365,50.0,350,75.2588646325673
2022-01-01,Tampa,3447.524505794818,50.0,350,68.95049011589636
2022-02-01,Atlanta,4261.931759897919,57.33,407,74.34034118084631
2022-02-01,Austin,3593.1322291694983,50.0,350,71.86264458338997
2022-02-01,Boston,3922.5759342712463,56.09,392,69.93360553166778
2022-02-01,Charlotte,3740.2600833198117,50.0,350,74.80520166639623
2022-02-01,Chicago,6708.773089263306,97.33,696,68.9281114688514
2022-02-01,Dallas,5575.083066210964,77.64,555,71.80684011090887
2022-02-01,Denver,3612.0401877653308,50.0,350,72.24080375530662
2022-02-01,Detroit,3520.8323802043433,50.0,350,70.41664760408686
2022-02-01,Houston,4272.300884752072,60.16,427,71.01563970665015
2022-02-01,Los Angeles,9832.367562166955,130.35,913,75.4305144776905
2022-02-01,Miami,4288.483203322906,58.540000000000006,422,73.25731471340802
2022-02-01,Minneapolis,3654.004366101236,50.0,350,73.08008732202472
2022-02-01,New York,13897.718989383553,191.92,1316,72.41412562204853
2022-02-01,Philadelphia,4331.9333592377225,60.03,427,72.16280791667037
2022-02-01,Phoenix,3836.4345370930646,52.64,372,72.8805953095187
2022-02-01,San Antonio,3727.679416023767,50.0,350,74.55358832047534
2022-02-01,San Diego,3694.0603935552917,50.0,350,73.88120787110583
2022-02-01,San Jose,3670.0264804421267,50.0,350,73.40052960884253
2022-02-01,Seattle,3512.9935328592037,50.0,350,70.25987065718408
2022-02-01,Tampa,3584.1560720261364,50.0,350,71.68312144052273
2022-03-01,Atlanta,4453.916783329681,60.120000000000005,417,74.08377883116567
2022-03-01,Austin,3689.525439355387,50.0,350,73.79050878710774
2022-03-01,Boston,4124.515977742221,53.82,378,76.63537676964366
2022-03-01,Charlotte,3813.0542634523345,50.0,350,76.26108526904669
2022-03-01,Chicago,7217.82270021593,98.22999999999999,688,73.47880179391154
2022-03-01,Dallas,5454.811983982574,77.3,552,70.5667785767474
2022-03-01,Denver,3673.5581528092916,50.0,350,73.47116305618583
2022-03-01,Detroit,3673.304598925538,50.0,350,73.46609197851076
2022-03-01,Houston,4973.222700365141,68.99,478,72.08613857610003
2022-03-01,Los Angeles,7865.397083983193,112.92,813,69.65459691802332
2022-03-01,Miami,4223.24297469151,59.94,413,70.45784075227745
2022-03-01,Minneapolis,3725.24267132984,50.0,350,74.5048534265968
2022-03-01,New York,13600.397874549271,183.89000000000001,1298,73.95942071101892
2022-03-01,Philadelphia,4160.249942384417,59.04,417,70.46493804851656
2022-03-01,Phoenix,3794.0388185860384,51.64,364,73.47092987192174
2022-03-01,San Antonio,3786.3176290212573,50.0,350,75.72635258042514
2022-03-01,San Diego,3537.9495464280444,50.0,350,70.75899092856089
2022-03-01,San Jose,3938.376155955499,50.0,350,78.76752311910998
2022-03-01,Seattle,3532.591856238406,50.0,350,70.65183712476812
2022-03-01,Tampa,3537.6936382245763,50.0,350,70.75387276449152
2022-04-01,Atlanta,4281.675766723348,60.19,413,71.13599878257763
2022-04-01,Austin,3672.6634475270516,50.0,350,73.45326895054103
2022-04-01,Boston,3821.4529839137685,54.31,383,70.36370804481253
2022-04-01,Charlotte,3775.238601345441,50.0,350,75.50477202690882
2022-04-01,Chicago,7222.8594448981385,100.53,691,71.84780110313477
2022-04-01,Dallas,4988.830916200974,67.62,476,73.7774462614755
2022-04-01,Denver,3842.0036098227097,50.0,350,76.84007219645419
2022-04-01,Detroit,3374.9663051141733,50.0,350,67.49932610228346
2022-04-01,Houston,5407.815591616248,72.89,507,74.19146099075658
2022-04-01,Los Angeles,8817.85420703494,126.04,891,69.96076013198143
2022-04-01,Miami,4532.272681553656,59.76,414,75.84124299788581
2022-04-01,Minneapolis,3640.179706043309,50.0,350,72.80359412086618
2022-04-01,New York,14493.40075445368,188.41,1320,76.92479568204278
2022-04-01,Philadelphia,4391.714175567238,60.47,433,72.62633000772678
2022-04-01,Phoenix,3743.4066682971406,52.31,369,71.56197033640107
2022-04-01,San Antonio,3662.549818734662,50.0,350,73.25099637469324
2022-04-01,San Diego,3684.9363282077506,50.0,350,73.69872656415501
2022-04-01,San Jose,3761.704790722316,50.0,350,75.23409581444632
2022-04-01,Seattle,3601.2532941542927,50.0,350,72.02506588308586
2022-04-01,Tampa,3524.499550504778,50.0,350,70.48999101009557
2022-05-01,Atlanta,4511.64971409488,62.09,429,72.66306513278919
2022-05-01,Austin,3852.479375468543,50.0,350,77.04958750937085
2022-05-01,Boston,4251.386844090601,56.04,385,75.86343404872592
2022-05-01,Charlotte,3580.6464071794007,50.0,350,71.61292814358802
2022-05-01,Chicago,6365.348268180504,91.56,634,69.52106015924535
2022-05-01,Dallas,5507.9098451958525,71.87,500,76.63712042849384
2022-05-01,Denver,3775.053438531807,50.0,350,75.50106877063614
2022-05-01,Detroit,3385.5380261670334,50.0,350,67.71076052334067
2022-05-01,Houston,4962.829900859872,68.83,476,72.10271539822567
2022-05-01,Los Angeles,8625.89006367991,115.78,818,74.50241892969346
2022-05-01,Miami,4118.495198095403,54.64,387,75.37509513351762
2022-05-01,Minneapolis,3702.0387958015613,50.0,350,74.04077591603122
2022-05-01,New York,15502.420770022254,200.34,1394,77.38055690337553
2022-05-01,Philadelphia,4109.7896888073,58.26,416,70.54221916936663
2022-05-01,Phoenix,3609.233966041373,51.4,362,70.21855965061037
2022-05-01,San Antonio,3617.858143437789,50.0,350,72.35716286875578
2022-05-01,San Diego,3604.4662578902885,50.0,350,72.08932515780577
2022-05-01,San Jose,3518.45283418864,50.0,350,70.3690566837728
2022-05-01,Seattle,3648.7881717642863,50.0,350,72.97576343528573
2022-05-01,Tampa,3680.8117621233114,50.0,350,73.61623524246623
2022-06-01,Atlanta,4168.012667860954,55.4,388,75.23488570146127
2022-06-01,Austin,3772.0175181575405,50.0,350,75.44035036315081
2022-06-01,Boston,3935.54537953816,54.16,374,72.66516579649483
2022-06-01,Charlotte,3620.136373276467,50.0,350,72.40272746552934
2022-06-01,Chicago,7094.804578121557,98.32000000000001,682,72.1603394845561
2022-06-01,Dallas,5775.692996640798,78.83,541,73.26770260866165
2022-06-01,Denver,3634.968733915847,50.0,350,72.69937467831694
2022-06-01,Detroit,3514.871533659199,50.0,350,70.29743067318398
2022-06-01,Houston,4800.91708881489,66.24,460,72.47761305578035
2022-06-01,Los Angeles,9188.064284974354,125.16,863,73.41054877735982
2022-06-01,Miami,4418.734948061461,57.91,410,76.30348727441654
2022-06-01,Minneapolis,3758.7927389966962,50.0,350,75.17585477993393
2022-06-01,New York,13997.310049214577,200.67000000000002,1365,69.75287810442306
2022-06-01,Philadelphia,4375.829344248926,60.42,417,72.42352440001532
2022-06-01,Phoenix,3914.286973279527,54.86,386,71.3504734465827
2022-06-01,San Antonio,3682.5247823449536,50.0,350,73.65049564689907
2022-06-01,San Diego,3564.3404644721704,50.0,350,71.28680928944341
2022-06-01,San Jose,3854.8551153426997,50.0,350,77.097102306854
2022-06-01,Seattle,3723.770781723,50.0,350,74.47541563445999
2022-06-01,Tampa,3509.352486035207,50.0,350,70.18704972070414
2022-07-01,Atlanta,4610.684203533452,61.1,422,75.46127992689775
2022-07-01,Austin,3633.249456013281,50.0,350,72.66498912026562
2022-07-01,Boston,4165.169980461292,57.66,400,72.23673223137864
2022-07-01,Charlotte,3663.0486131048688,50.0,350,73.26097226209737
2022-07-01,Chicago,7371.934054506146,102.91,709,71.63476877374546
2022-07-01,Dallas,5789.487575484783,82.89,573,69.84542858589435
2022-07-01,Denver,3569.455225584735,50.0,350,71.38910451169471
2022-07-01,Detroit,3554.4311031014217,50.0,350,71.08862206202843
2022-07-01,Houston,5349.456806636213,70.84,488,75.51463589266251
2022-07-01,Los Angeles,9965.469489263265,131.73,930,75.65072109058883
2022-07-01,Miami,4608.189585471251,61.68,431,74.71124490063637
2022-07-01,Minneapolis,3699.1045527681304,50.0,350,73.9820910553626
2022-07-01,New York,14400.210142454891,193.05,1359,74.59316313107946
2022-07-01,Philadelphia,3870.502637490095,56.410000000000004,398,68.61376772717772
2022-07-01,Phoenix,3633.1150950195997,50.45,353,72.01417433140931
2022-07-01,San Antonio,3642.670944768596,50.0,350,72.85341889537193
2022-07-01,San Diego,3537.632136199421,50.0,350,70.75264272398842
2022-07-01,San Jose,3503.449342713756,50.0,350,70.06898685427512
2022-07-01,Seattle,3819.2548863537404,50.0,350,76.38509772707481
2022-07-01,Tampa,3715.529049912865,50.0,350,74.31058099825731
2022-08-01,Atlanta,4294.014993961606,59.89,414,71.69836356589758
2022-08-01,Austin,3777.12318799783,50.0,350,75.5424637599566
2022-08-01,Boston,3772.4514807654155,53.18,369,70.93741031901872
2022-08-01,Charlotte,3621.631564091249,50.0,350,72.43263128182498
2022-08-01,Chicago,7013.518953780194,100.78999999999999,703,69.5854643692846
2022-08-01,Dallas,5323.743119902214,75.1,539,70.88872330096157
2022-08-01,Denver,3699.4588882412,50.0,350,73.98917776482399
2022-08-01,Detroit,3543.720103048827,50.0,350,70.87440206097654
2022-08-01,Houston,4805.917323642781,69.53,494,69.12005355447694
2022-08-01,Los Angeles,8466.427375209954,119.22,851,71.0151600000835
2022-08-01,Miami,4092.3434546907633,57.81,409,70.7895425478423
2022-08-01,Minneapolis,3693.699433279709,50.0,350,73.87398866559418
2022-08-01,New York,13418.786103529075,189.81,1342,70.69588590447856
2022-08-01,Philadelphia,4461.4247946627565,63.89,446,69.82978235502827
2022-08-01,Phoenix,3927.191695422537,53.71,372,73.11844526945703
2022-08-01,San Antonio,3577.09749880503,50.0,350,71.54194997610061
2022-08-01,San Diego,3762.7739937759475,50.0,350,75.25547987551894
2022-08-01,San Jose,3678.1407466516002,50.0,350,73.562814933032
2022-08-01,Seattle,3660.690211005076,50.0,350,73.21380422010152
2022-08-01,Tampa,3538.3065540198754,50.0,350,70.76613108039751
2022-09-01,Atlanta,4196.233648576696,59.3,418,70.76279339926975
2022-09-01,Austin,3855.2517163003895,50.0,350,77.1050343260078
2022-09-01,Boston,4124.891156945334,56.86,397,72.54469146931646
2022-09-01,Charlotte,3631.2857848890967,50.0,350,72.62571569778193
2022-09-01,Chicago,6411.57462264724,92.24,634,69.50969885784086
2022-09-01,Dallas,5564.87099645578,79.95,554,69.60439019957198
2022-09-01,Denver,3500.957045646133,50.0,350,70.01914091292265
2022-09-01,Detroit,3428.4934939069003,50.0,350,68.56986987813801
2022-09-01,Houston,4597.281602305625,66.1,471,69.55040245545575
2022-09-01,Los Angeles,8251.102145722738,118.65,834,69.54152672332691
2022-09-01,Miami,4056.7738369742096,54.660000000000004,383,74.21832852129911
2022-09-01,Minneapolis,3511.0218172735563,50.0,350,70.22043634547113
2022-09-01,New York,14371.065563575698,196.6,1403,73.09799371096489
2022-09-01,Philadelphia,4737.111154790018,64.6,454,73.32989403699719
2022-09-01,Phoenix,3908.65887157201,52.19,363,74.8928697369613
2022-09-01,San Antonio,3345.253541351057,50.0,350,66.90507082702113
2022-09-01,San Diego,3496.254394078671,50.0,350,69.92508788157342
2022-09-01,San Jose,3800.8297888710895,50.0,350,76.01659577742178
2022-09-01,Seattle,3580.559549808635,50.0,350,71.6111909961727
2022-09-01,Tampa,3373.8099546335843,50.0,350,67.47619909267169
2022-10-01,Atlanta,4334.280829013765,58.97,410,73.49975969160191
2022-10-01,Austin,3749.575316397481,50.0,350,74.99150632794962
2022-10-01,Boston,4181.5234414660345,58.980000000000004,418,70.89731165591785
2022-10-01,Charlotte,3637.4876024040723,50.0,350,72.74975204808145
2022-10-01,Chicago,7224.721474746478,99.66,706,72.49369330470076
2022-10-01,Dallas,5592.533538445064,75.55,528,74.02426920509681
2022-10-01,Denver,3704.9971981058243,50.0,350,74.09994396211648
2022-10-01,Detroit,3474.774403189288,50.0,350,69.49548806378576
2022-10-01,Houston,5045.349789005115,68.56,489,73.59028280345849
2022-10-01,Los Angeles,9535.350568754848,129.99,908,73.35449318220515
2022-10-01,Miami,4187.828686679437,59.73,414,70.11265171068872
2022-10-01,Minneapolis,3559.8909456771084,50.0,350,71.19781891354216
2022-10-01,New York,13309.849812104185,180.69,1265,73.66124197301558
2022-10-01,Philadelphia,4355.141950933159,62.17,432,70.05214654870773
2022-10-01,Phoenix,3802.7231060998047,54.08,378,70.31662548261474
2022-10-01,San Antonio,3638.843589154539,50.0,350,72.77687178309078
2022-10-01,San Diego,3601.579471514524,50.0,350,72.03158943029048
2022-10-01,San Jose,3714.818320737459,50.0,350,74.29636641474919
2022-10-01,Seattle,3536.754225135052,50.0,350,70.73508450270104
2022-10-01,Tampa,3533.314382692799,50.0,350,70.66628765385597
2022-11-01,Atlanta,4513.730793759221,59.94,422,75.30415071336706
2022-11-01,Austin,3836.6941239546186,50.0,350,76.73388247909237
2022-11-01,Boston,4146.894907154714,57.260000000000005,405,72.42219537468938
2022-11-01,Charlotte,3591.2756572376397,50.0,350,71.82551314475279
2022-11-01,Chicago,7960.8223515301715,104.44,725,76.22388310542102
2022-11-01,Dallas,5911.9718890016775,80.8,555,73.16796892328809
2022-11-01,Denver,3702.9364604740113,50.0,350,74.05872920948022
2022-11-01,Detroit,3424.9305157448653,50.0,350,68.4986103148973
2022-11-01,Houston,5255.304556631009,69.33,485,75.80130616805148
2022-11-01,Los Angeles,8598.925201498902,125.76,865,68.37567749283477
2022-11-01,Miami,4245.2685152514505,55.9,392,75.94398059483811
2022-11-01,Minneapolis,3683.392852219715,50.0,350,73.66785704439431
2022-11-01,New York,13065.201697574961,177.15,1249,73.75219699449597
2022-11-01,Philadelphia,4235.820228935656,61.6,429,68.76331540479961
2022-11-01,Phoenix,3779.638543221591,50.0,350,75.59277086443183
2022-11-01,San Antonio,3620.528019212159,50.0,350,72.41056038424318
2022-11-01,San Diego,3776.101751657233,50.0,350,75.52203503314466
2022-11-01,San Jose,3725.2044724285925,50.0,350,74.50408944857185
2022-11-01,Seattle,3746.8430299675333,50.0,350,74.93686059935067
2022-11-01,Tampa,3582.1797192620324,50.0,350,71.64359438524065
2022-12-01,Atlanta,4093.1712186094683,57.95,404,70.6328079138821
2022-12-01,Austin,3960.6329765789906,50.0,350,79.21265953157982
2022-12-01,Boston,3984.779111403273,55.22,378,72.1618817711567
2022-12-01,Charlotte,3522.924340631865,50.0,350,70.4584868126373
2022-12-01,Chicago,6928.837697416117,92.87,663,74.6079217983861
2022-12-01,Dallas,5526.593965341823,73.92,521,74.76452875191859
2022-12-01,Denver,3873.901846640779,50.0,350,77.47803693281557
2022-12-01,Detroit,3553.4535936388866,50.0,350,71.06907187277773
2022-12-01,Houston,5192.017357268192,69.7,490,74.49092334674594
2022-12-01,Los Angeles,8403.363224264485,116.64999999999999,820,72.03911893925834
2022-12-01,Miami,3924.1416869603354,55.120000000000005,386,71.1927011422412
2022-12-01,Minneapolis,3574.1848091651855,50.0,350,71.4836961833037
2022-12-01,New York,13160.315757540644,180.92000000000002,1282,72.74107758976699
2022-12-01,Philadelphia,4233.144012176505,59.42,417,71.24106381986714
2022-12-01,Phoenix,4050.3931618342895,53.3,372,75.99236701377654
2022-12-01,San Antonio,3690.36762553754,50.0,350,73.8073525107508
2022-12-01,San Diego,3605.5048048118756,50.0,350,72.11009609623751
2022-12-01,San Jose,3556.2804885454907,50.0,350,71.12560977090982
2022-12-01,Seattle,3594.6058667923653,50.0,350,71.8921173358473
2022-12-01,Tampa,3746.429564923659,50.0,350,74.92859129847318
2023-01-01,Atlanta,4236.8422998408905,60.1,412,70.49654409053062
2023-01-01,Austin,3929.774695923946,50.0,350,78.59549391847892
2023-01-01,Boston,4060.2242154195237,55.49,379,73.17037692231976
2023-01-01,Charlotte,3850.1027012849527,50.0,350,77.00205402569905
2023-01-01,Chicago,6400.986013623306,88.61,629,72.23773855798788
2023-01-01,Dallas,5738.751054480988,76.84,550,74.68442288496861
2023-01-01,Denver,3631.173749190639,50.0,350,72.62347498381277
2023-01-01,Detroit,3282.0809304640347,50.0,350,65.6416186092807
2023-01-01,Houston,5078.165998122636,70.72,493,71.80664590105538
2023-01-01,Los Angeles,9553.428300752865,132.55,924,72.07414787440862
2023-01-01,Miami,4018.257135673072,56.41,397,71.23306391904046
2023-01-01,Minneapolis,3749.429527619615,50.0,350,74.9885905523923
2023-01-01,New York,14465.992463130668,191.67,1361,75.47343070449558
2023-01-01,Philadelphia,4556.5440648069525,61.519999999999996,435,74.06606087137439
2023-01-01,Phoenix,3960.9118764242758,52.93,374,74.83302241496837
2023-01-01,San Antonio,3841.6684551995027,50.0,350,76.83336910399005
2023-01-01,San Diego,3770.688534079672,50.0,350,75.41377068159345
2023-01-01,San Jose,3704.842955241952,50.0,350,74.09685910483904
2023-01-01,Seattle,3820.1855720018502,50.0,350,76.403711440037
2023-01-01,Tampa,3757.1932410484214,50.0,350,75.14386482096843
2023-02-01,Atlanta,4031.24360588277,55.6,382,72.50438140076925
2023-02-01,Austin,3908.173644725221,50.0,350,78.16347289450442
2023-02-01,Boston,4321.576588858852,57.58,398,75.05343155364453
2023-02-01,Charlotte,3695.5470187281676,50.0,350,73.91094037456335
2023-02-01,Chicago,7311.184462647885,96.7,667,75.60687138208775
2023-02-01,Dallas,5530.032406188434,72.16,521,76.63570407689072
2023-02-01,Denver,3661.065889342719,50.0,350,73.22131778685439
2023-02-01,Detroit,3607.0615044394244,50.0,350,72.14123008878849
2023-02-01,Houston,5075.795863819689,70.61,505,71.88494354651874
2023-02-01,Los Angeles,9740.73176922308,131.89,921,73.85496830103179
2023-02-01,Miami,4061.5092221397026,55.51,390,73.16716307223388
2023-02-01,Minneapolis,3750.156433048922,50.0,350,75.00312866097843
2023-02-01,New York,15752.823744747055,211.71,1471,74.40755630223917
2023-02-01,Philadelphia,4559.428747993582,64.21,443,71.00807892841586
2023-02-01,Phoenix,4019.389374708673,53.44,374,75.21312452673416
2023-02-01,San Antonio,3705.161757925033,50.0,350,74.10323515850065
2023-02-01,San Diego,3648.912668928118,50.0,350,72.97825337856236
2023-02-01,San Jose,3556.9931063115687,50.0,350,71.13986212623138
2023-02-01,Seattle,3907.0371404711645,50.0,350,78.14074280942329
2023-02-01,Tampa,3707.581784334652,50.0,350,74.15163568669304
2023-03-01,Atlanta,4442.185032983849,61.06,424,72.7511469535514
2023-03-01,Austin,3906.751324957584,50.0,350,78.13502649915168
2023-03-01,Boston,4184.391227186022,55.58,391,75.28591628618247
2023-03-01,Charlotte,3802.279783914735,50.0,350,76.0455956782947
2023-03-01,Chicago,6977.154531484131,93.92,652,74.28827226878334
2023-03-01,Dallas,6387.92635775099,82.13,564,77.77823399185426
2023-03-01,Denver,3798.174727787399,50.0,350,75.96349455574799
2023-03-01,Detroit,3466.911398533023,50.0,350,69.33822797066047
2023-03-01,Houston,5212.20012014693,67.64,478,77.05795564971807
2023-03-01,Los Angeles,9393.756838008034,125.77,892,74.68996452260502
2023-03-01,Miami,4046.5815017426867,55.82,387,72.49339845472387
2023-03-01,Minneapolis,3795.456862536075,50.0,350,75.9091372507215
2023-03-01,New York,14109.903935127013,198.02,1401,71.2549436174478
2023-03-01,Philadelphia,4018.4460331955534,57.13,406,70.33863177307113
2023-03-01,Phoenix,3821.952166920468,53.74,379,71.1193183275115
2023-03-01,San Antonio,3708.3264472692003,50.0,350,74.166528945384
2023-03-01,San Diego,3723.6154094218587,50.0,350,74.47230818843717
2023-03-01,San Jose,3921.4265046772684,50.0,350,78.42853009354536
2023-03-01,Seattle,3781.9295147523458,50.0,350,75.63859029504691
2023-03-01,Tampa,3520.427525223588,50.0,350,70.40855050447176
2023-04-01,Atlanta,4436.524267710492,60.12,420,73.79448216417984
2023-04-01,Austin,3957.546204709736,50.0,350,79.15092409419472
2023-04-01,Boston,4444.564653716501,57.870000000000005,400,76.80256875266114
2023-04-01,Charlotte,3643.561751886319,50.0,350,72.87123503772638
2023-04-01,Chicago,7086.873455785027,98.15,692,72.20451814350511
2023-04-01,Dallas,6040.693817586664,78.21,548,77.2368471753825
2023-04-01,Denver,3910.302010334944,50.0,350,78.20604020669889
2023-04-01,Detroit,3663.304927159533,50.0,350,73.26609854319065
2023-04-01,Houston,4523.7963772412895,61.43,436,73.6414842461548
2023-04-01,Los Angeles,9620.314248081486,125.65,906,76.5643792127456
2023-04-01,Miami,4266.475054020102,55.900000000000006,396,76.32334622576211
2023-04-01,Minneapolis,3873.477762473044,50.0,350,77.46955524946088
2023-04-01,New York,15192.595834970916,201.28,1412,75.47990776515758
2023-04-01,Philadelphia,4578.727082194633,63.21,440,72.43675181450139
2023-04-01,Phoenix,3911.3097067887466,52.75,372,74.14805131353074
2023-04-01,San Antonio,3602.364045092813,50.0,350,72.04728090185625
2023-04-01,San Diego,3566.996790690538,50.0,350,71.33993581381077
2023-04-01,San Jose,3935.012417058925,50.0,350,78.70024834117851
2023-04-01,Seattle,3601.458880036254,50.0,350,72.02917760072508
2023-04-01,Tampa,3879.319307347625,50.0,350,77.5863861469525
2023-05-01,Atlanta,4073.903462849005,54.33,380,74.98441860572437
2023-05-01,Austin,3761.1564988475766,50.0,350,75.22312997695153
2023-05-01,Boston,4242.425385563374,57.11,390,74.28515821333171
2023-05-01,Charlotte,3797.7870723453934,50.0,350,75.95574144690787
2023-05-01,Chicago,7100.961475222953,93.09,661,76.28060452490013
2023-05-01,Dallas,5739.0415035067945,78.45,551,73.15540476108087
2023-05-01,Denver,3629.7231227117563,50.0,350,72.59446245423513
2023-05-01,Detroit,3517.6994358212814,50.0,350,70.35398871642563
2023-05-01,Houston,5072.275292585289,71.58,498,70.86162744600851
2023-05-01,Los Angeles,8462.784242946209,118.19,816,71.60321721758363
2023-05-01,Miami,4589.546327976898,61.19,422,75.00484275170614
2023-05-01,Minneapolis,3767.0666744404757,50.0,350,75.34133348880951
2023-05-01,New York,15250.169255006265,202.93,1392,75.14990023656564
2023-05-01,Philadelphia,4441.062897033725,59.91,416,74.12890831303163
2023-05-01,Phoenix,3668.027999948078,51.61,361,71.07204030126096
2023-05-01,San Antonio,3672.1887797860654,50.0,350,73.4437755957213
2023-05-01,San Diego,3609.114213876014,50.0,350,72.18228427752028
2023-05-01,San Jose,3657.5193937554213,50.0,350,73.15038787510842
2023-05-01,Seattle,3584.18871299603,50.0,350,71.6837742599206
2023-05-01,Tampa,3694.935906342703,50.0,350,73.89871812685406
2023-06-01,Atlanta,4146.878102555506,57.73,403,71.8322900148191
2023-06-01,Austin,3789.3160791070654,50.0,350,75.78632158214131
2023-06-01,Boston,3970.110145300319,55.78,396,71.1744378863449
2023-06-01,Charlotte,3664.726831965797,50.0,350,73.29453663931594
2023-06-01,Chicago,7241.998626593725,96.56,667,74.99998577665416
2023-06-01,Dallas,5687.184109565498,75.97999999999999,531,74.85106751204921
2023-06-01,Denver,3805.2169929257734,50.0,350,76.10433985851547
2023-06-01,Detroit,3374.6156155351537,50.0,350,67.49231231070307
2023-06-01,Houston,4796.088633914612,72.91,509,65.78094409428901
2023-06-01,Los Angeles,9095.847037304444,125.43,874,72.51731672888818
2023-06-01,Miami,4218.423584008376,56.25,395,74.9941970490378
2023-06-01,Minneapolis,3872.7815868879447,50.0,350,77.45563173775889
2023-06-01,New York,12999.369767294604,191.64,1360,67.8322363144156
2023-06-01,Philadelphia,4217.899433745472,61.24,432,68.87490910753547
2023-06-01,Phoenix,3702.9535570277717,50.2,352,73.76401508023449
2023-06-01,San Antonio,3705.9069597114944,50.0,350,74.11813919422988
2023-06-01,San Diego,3423.690442428219,50.0,350,68.47380884856437
2023-06-01,San Jose,3710.575620901226,50.0,350,74.21151241802453
2023-06-01,Seattle,3632.6794733084157,50.0,350,72.65358946616831
2023-06-01,Tampa,3720.566868044133,50.0,350,74.41133736088267
2023-07-01,Atlanta,4112.976934864184,60.03,433,68.51535790211867
2023-07-01,Austin,3781.6088479764517,50.0,350,75.63217695952903
2023-07-01,Boston,3890.76125133023,52.3,373,74.39314056080747
2023-07-01,Charlotte,3552.4770688524463,50.0,350,71.04954137704893
2023-07-01,Chicago,7267.986095126907,105.5,738,68.89086346091854
2023-07-01,Dallas,5724.0834990528665,80.3,557,71.28372975159236
2023-07-01,Denver,3809.8401447631695,50.0,350,76.19680289526339
2023-07-01,Detroit,3309.8902243826715,50.0,350,66.19780448765343
2023-07-01,Houston,4721.862463485645,66.19,462,71.33800367858657
2023-07-01,Los Angeles,9778.579192364865,135.44,947,72.19860596843522
2023-07-01,Miami,3639.8239502237575,54.44,378,66.85936719735044
2023-07-01,Minneapolis,3673.130662077479,50.0,350,73.46261324154958
2023-07-01,New York,14275.17567051765,205.02,1428,69.62821027469344
2023-07-01,Philadelphia,4427.762586426195,62.48,432,70.86687878403002
2023-07-01,Phoenix,3815.131698208507,52.89,369,72.13332762731153
2023-07-01,San Antonio,3464.9626856064606,50.0,350,69.29925371212921
2023-07-01,San Diego,3605.8700783191143,50.0,350,72.11740156638228
2023-07-01,San Jose,3492.8729909252233,50.0,350,69.85745981850447
2023-07-01,Seattle,3582.364454747123,50.0,350,71.64728909494247
2023-07-01,Tampa,3423.9093376215783,50.0,350,68.47818675243157
2023-08-01,Atlanta,4144.410153625531,57.36,398,72.25261774103087
2023-08-01,Austin,3605.394192569911,50.0,350,72.10788385139821
2023-08-01,Boston,4039.627605805019,56.97,398,70.90797974030225
2023-08-01,Charlotte,3529.307238065685,50.0,350,70.5861447613137
2023-08-01,Chicago,6594.844094633566,96.03,666,68.67483176750564
2023-08-01,Dallas,6289.958823825647,83.13,571,75.66412635421204
2023-08-01,Denver,3576.297664404967,50.0,350,71.52595328809933
2023-08-01,Detroit,3452.584900700278,50.0,350,69.05169801400557
2023-08-01,Houston,4660.859428905842,68.11,469,68.43135264874236
2023-08-01,Los Angeles,8664.612678954338,127.52,891,67.9470881348364
2023-08-01,Miami,3722.163133926728,55.33,386,67.27206097825281
2023-08-01,Minneapolis,3530.253978019087,50.0,350,70.60507956038174
2023-08-01,New York,12206.430286569108,170.01,1196,71.79830766760254
2023-08-01,Philadelphia,4234.943664394959,64.36,450,65.80086489115847
2023-08-01,Phoenix,3738.168125256355,53.54,377,69.820099463137
2023-08-01,San Antonio,3385.93814713892,50.0,350,67.7187629427784
2023-08-01,San Diego,3412.6216438090914,50.0,350,68.25243287618183
2023-08-01,San Jose,3784.6370836127267,50.0,350,75.69274167225453
2023-08-01,Seattle,3458.264482109992,50.0,350,69.16528964219984
2023-08-01,Tampa,3370.256010692996,50.0,350,67.40512021385992
2023-09-01,Atlanta,4029.8018004951227,58.99,413,68.31330395821533
2023-09-01,Austin,3640.248317613299,50.0,350,72.80496635226598
2023-09-01,Boston,3854.7452658050242,55.93,392,68.92088799937466
2023-09-01,Charlotte,3601.9582811944247,50.0,350,72.0391656238885
2023-09-01,Chicago,7034.245257160656,102.18,710,68.84170343668679
2023-09-01,Dallas,6150.107448812841,84.4,584,72.86857166839859
2023-09-01,Denver,3533.7443706438435,50.0,350,70.67488741287687
2023-09-01,Detroit,3337.0775950797056,50.0,350,66.74155190159411
2023-09-01,Houston,4806.925120456031,71.21,496,67.50351243443382
2023-09-01,Los Angeles,8895.007570789392,131.21,910,67.79214671739496
2023-09-01,Miami,3988.085946057252,58.260000000000005,400,68.453243152373
2023-09-01,Minneapolis,3611.940937311092,50.0,350,72.23881874622184
2023-09-01,New York,14022.375124953509,195.96,1354,71.55733376685808
2023-09-01,Philadelphia,4402.005019427233,62.07,432,70.92000997949465
2023-09-01,Phoenix,3407.907363711851,50.36,352,67.6709166741829
2023-09-01,San Antonio,3560.271013153182,50.0,350,71.20542026306364
2023-09-01,San Diego,3345.3021305985385,50.0,350,66.90604261197078
2023-09-01,San Jose,3423.840606921708,50.0,350,68.47681213843416
2023-09-01,Seattle,3465.3091239585606,50.0,350,69.30618247917121
2023-09-01,Tampa,3347.2162224813737,50.0,350,66.94432444962747
2023-10-01,Atlanta,4571.91005858831,65.18,451,70.14283612439873
2023-10-01,Austin,3614.0035573728965,50.0,350,72.28007114745793
2023-10-01,Boston,3474.3910242248003,51.84,366,67.02143179445987
2023-10-01,Charlotte,3521.3062408502283,50.0,350,70.42612481700456
2023-10-01,Chicago,6615.927852484614,93.8,667,70.5322798772347
2023-10-01,Dallas,5860.55899111592,79.66,559,73.56965843730757
2023-10-01,Denver,3531.420342043387,50.0,350,70.62840684086774
2023-10-01,Detroit,3443.8575853091525,50.0,350,68.87715170618304
2023-10-01,Houston,5053.848773071164,68.32,480,73.97319632715404
2023-10-01,Los Angeles,7559.3804157749455,112.78,786,67.0276681661194
2023-10-01,Miami,4148.232408955277,61.55,428,67.39613986929776
2023-10-01,Minneapolis,3466.954505329459,50.0,350,69.33909010658918
2023-10-01,New York,13525.34108970351,185.44,1267,72.93648128614922
2023-10-01,Philadelphia,4349.885139677762,62.550000000000004,428,69.54252821227436
2023-10-01,Phoenix,3764.552540934032,54.9,383,68.57108453431752
2023-10-01,San Antonio,3483.7873069670923,50.0,350,69.67574613934184
2023-10-01,San Diego,3531.0787199163124,50.0,350,70.62157439832625
2023-10-01,San Jose,3714.854587231438,50.0,350,74.29709174462876
2023-10-01,Seattle,3508.391077785056,50.0,350,70.16782155570112
2023-10-01,Tampa,3384.636589934294,50.0,350,67.69273179868588
2023-11-01,Atlanta,4264.126879279271,61.35,433,69.50492060764907
2023-11-01,Austin,3677.4660693180967,50.0,350,73.54932138636194
2023-11-01,Boston,4142.232699384616,57.53,400,72.0012636778136
2023-11-01,Charlotte,3527.364710694259,50.0,350,70.54729421388518
2023-11-01,Chicago,6734.137499929109,97.27,690,69.2313920009161
2023-11-01,Dallas,5516.377479380901,81.8,570,67.43737749854402
2023-11-01,Denver,3332.4096130127646,50.0,350,66.64819226025529
2023-11-01,Detroit,3638.9461757898653,50.0,350,72.7789235157973
2023-11-01,Houston,4528.160886703538,64.23,459,70.49915750745038
2023-11-01,Los Angeles,7867.863907962379,112.74,802,69.78768767041316
2023-11-01,Miami,4261.064687501162,60.75,423,70.14098251030718
2023-11-01,Minneapolis,3556.2899417531185,50.0,350,71.12579883506237
2023-11-01,New York,13145.200564144923,183.72,1324,71.55018813490597
2023-11-01,Philadelphia,4093.6143269073364,60.55,425,67.6071730290229
2023-11-01,Phoenix,3906.9965561019517,51.769999999999996,361,75.4683514796591
2023-11-01,San Antonio,3511.8457477365537,50.0,350,70.23691495473108
2023-11-01,San Diego,3455.9440530471825,50.0,350,69.11888106094365
2023-11-01,San Jose,3602.6537306663618,50.0,350,72.05307461332724
2023-11-01,Seattle,3433.5349386667717,50.0,350,68.67069877333543
2023-11-01,Tampa,3542.3654338596743,50.0,350,70.84730867719348
2023-12-01,Atlanta,4493.859315703457,59.92,427,74.99765213123258
2023-12-01,Austin,3414.1443582389243,50.0,350,68.28288716477849
2023-12-01,Boston,4005.245538380075,55.2,387,72.55879598514628
2023-12-01,Charlotte,3438.9234632829625,50.0,350,68.77846926565925
2023-12-01,Chicago,6393.5446631949335,92.23,650,69.3217463210987
2023-12-01,Dallas,5817.736157659706,81.9,568,71.03462951965453
2023-12-01,Denver,3639.8732921223896,50.0,350,72.79746584244779
2023-12-01,Detroit,3322.4765888735596,50.0,350,66.4495317774712
2023-12-01,Houston,4714.063557209014,68.93,475,68.38914198765434
2023-12-01,Los Angeles,8583.633796563703,117.57,832,73.00870797451479
2023-12-01,Miami,4393.808715795242,59.12,414,74.32017448909409
2023-12-01,Minneapolis,3604.157542048166,50.0,350,72.08315084096331
2023-12-01,New York,13394.278348623142,189.89,1344,70.53703906800328
2023-12-01,Philadelphia,4633.134028782797,66.37,462,69.80765449424132
2023-12-01,Phoenix,3830.0008058933377,52.82,374,72.51042797980571
2023-12-01,San Antonio,3661.2097377603723,50.0,350,73.22419475520745
2023-12-01,San Diego,3514.5330100868478,50.0,350,70.29066020173696
2023-12-01,San Jose,3616.472775640036,50.0,350,72.32945551280072
2023-12-01,Seattle,3519.2041035631546,50.0,350,70.3840820712631
2023-12-01,Tampa,3305.6263260384026,50.0,350,66.11252652076806
2024-01-01,Atlanta,4170.988347168104,57.68,398,72.3125580299602
2024-01-01,Austin,3648.506717637536,50.0,350,72.97013435275072
2024-01-01,Boston,4033.672817433963,58.31,403,69.1763474092602
2024-01-01,Charlotte,3566.74928891013,50.0,350,71.3349857782026
2024-01-01,Chicago,7079.7577290190375,99.04,682,71.48382198120999
2024-01-01,Dallas,5707.01071253446,75.99000000000001,531,75.10212807651611
2024-01-01,Denver,3703.191847556714,50.0,350,74.06383695113428
2024-01-01,Detroit,3588.0469113783547,50.0,350,71.7609382275671
2024-01-01,Houston,4896.15930232147,69.2,476,70.75374714337384
2024-01-01,Los Angeles,8576.23856645498,122.17,874,70.19921884632053
2024-01-01,Miami,3625.1894103938716,54.61,376,66.38325234194967
2024-01-01,Minneapolis,3549.7915051243854,50.0,350,70.9958301024877
2024-01-01,New York,12596.234935936543,178.44,1261,70.5908705219488
2024-01-01,Philadelphia,3921.994494070364,59.49,413,65.92695401025993
2024-01-01,Phoenix,3878.4557524300058,54.65,382,70.96899821463872
2024-01-01,San Antonio,3651.1147924118004,50.0,350,73.02229584823601
2024-01-01,San Diego,3470.332221648766,50.0,350,69.40664443297531
2024-01-01,San Jose,3669.454536189741,50.0,350,73.38909072379482
2024-01-01,Seattle,3463.010240206685,50.0,350,69.2602048041337
2024-01-01,Tampa,3548.0337421206646,50.0,350,70.9606748424133
2024-02-01,Atlanta,4061.5875158752337,55.97,392,72.5672237962343
2024-02-01,Austin,3425.1000070163304,50.0,350,68.50200014032661
2024-02-01,Boston,4006.8609766923373,55.83,397,71.76895892338058
2024-02-01,Charlotte,3601.54968852675,50.0,350,72.03099377053499
2024-02-01,Chicago,7173.254418686174,99.12,701,72.36939486164421
2024-02-01,Dallas,5923.839717738272,78.97999999999999,563,75.00430131347522
2024-02-01,Denver,3554.753622478234,50.0,350,71.09507244956468
2024-02-01,Detroit,3515.890317284364,50.0,350,70.31780634568727
2024-02-01,Houston,5134.446621009602,70.28999999999999,492,73.0466157491763
2024-02-01,Los Angeles,8730.533281841417,124.76,881,69.97862521514442
2024-02-01,Miami,4122.91164020919,56.07,394,73.53150776189032
2024-02-01,Minneapolis,3606.3476941684994,50.0,350,72.12695388336999
2024-02-01,New York,14686.136827675586,192.0,1325,76.490295977477
2024-02-01,Philadelphia,4335.654193590506,62.06,439,69.86229767306648
2024-02-01,Phoenix,3682.2294127666764,50.39,353,73.0746063259908
2024-02-01,San Antonio,3626.6083078370402,50.0,350,72.5321661567408
2024-02-01,San Diego,3585.182470833295,50.0,350,71.7036494166659
2024-02-01,San Jose,3644.398170537505,50.0,350,72.8879634107501
2024-02-01,Seattle,3823.7944931313023,50.0,350,76.47588986262605
2024-02-01,Tampa,3754.227450319314,50.0,350,75.08454900638628
2024-03-01,Atlanta,4098.4679350517645,55.28,390,74.1401580146846
2024-03-01,Austin,3639.424719508072,50.0,350,72.78849439016145
2024-03-01,Boston,3913.7596043519843,54.91,381,71.27589882265497
2024-03-01,Charlotte,3651.1225815578105,50.0,350,73.02245163115622
2024-03-01,Chicago,6898.729198458317,99.13,684,69.59274890001329
2024-03-01,Dallas,5520.120636884704,73.75,526,74.84909338148752
2024-03-01,Denver,3613.45749913491,50.0,350,72.2691499826982
2024-03-01,Detroit,3414.443280176073,50.0,350,68.28886560352146
2024-03-01,Houston,4633.766499784578,63.51,448,72.96121082954775
2024-03-01,Los Angeles,9026.794645420603,128.4,895,70.3021389830265
2024-03-01,Miami,4240.84589201862,60.2,417,70.4459450501432
2024-03-01,Minneapolis,3772.654714759236,50.0,350,75.45309429518471
2024-03-01,New York,13117.423778908033,183.62,1294,71.4378813795231
2024-03-01,Philadelphia,4296.506720803918,60.89,423,70.56177895884247
2024-03-01,Phoenix,3798.97217548079,50.13,351,75.7824092455773
2024-03-01,San Antonio,3595.963988075841,50.0,350,71.91927976151682
2024-03-01,San Diego,3626.4403055651937,50.0,350,72.52880611130388
2024-03-01,San Jose,3829.0555045955134,50.0,350,76.58111009191026
2024-03-01,Seattle,3622.8099985925455,50.0,350,72.4561999718509
2024-03-01,Tampa,3576.2541429482794,50.0,350,71.52508285896559
2024-04-01,Atlanta,4365.791677401679,62.42,425,69.9421928452688
2024-04-01,Austin,3872.9770721975274,50.0,350,77.45954144395054
2024-04-01,Boston,3964.808364963582,53.08,374,74.6949578930592
2024-04-01,Charlotte,3701.9234569825476,50.0,350,74.03846913965096
2024-04-01,Chicago,6677.974257447657,94.65,657,70.55440314260598
2024-04-01,Dallas,6075.829682757311,81.78999999999999,572,74.28572787330128
2024-04-01,Denver,3705.998320188943,50.0,350,74.11996640377886
2024-04-01,Detroit,3677.748707816776,50.0,350,73.55497415633552
2024-04-01,Houston,4751.231878851739,67.35,469,70.54538795622479
2024-04-01,Los Angeles,8541.420996183964,117.86,814,72.47090612747297
2024-04-01,Miami,4197.40419005764,58.11,404,72.23204594833317
2024-04-01,Minneapolis,3650.437789376542,50.0,350,73.00875578753083
2024-04-01,New York,14046.312776251703,196.33,1379,71.54440368895075
2024-04-01,Philadelphia,3998.058660859723,55.18,395,72.45485068611315
2024-04-01,Phoenix,3618.3287475737598,52.15,367,69.38310158338945
2024-04-01,San Antonio,3424.0344496714697,50.0,350,68.4806889934294
2024-04-01,San Diego,3447.921663070506,50.0,350,68.95843326141012
2024-04-01,San Jose,3734.5677821625563,50.0,350,74.69135564325113
2024-04-01,Seattle,3624.483143899372,50.0,350,72.48966287798744
2024-04-01,Tampa,3422.9625364050316,50.0,350,68.45925072810063
2024-05-01,Atlanta,4247.976725568899,58.64,411,72.44162219592256
2024-05-01,Austin,3643.473062062448,50.0,350,72.86946124124897
2024-05-01,Boston,4029.505856521852,55.519999999999996,394,72.57755505262702
2024-05-01,Charlotte,3645.811152752244,50.0,350,72.91622305504488
2024-05-01,Chicago,6525.975217128145,96.19,671,67.84463267624645
2024-05-01,Dallas,5960.534368238638,84.5,591,70.53886826317915
2024-05-01,Denver,3659.7037139101117,50.0,350,73.19407427820224
2024-05-01,Detroit,3339.0837801533644,50.0,350,66.78167560306728
2024-05-01,Houston,4406.707165585193,61.34,431,71.84067762610357
2024-05-01,Los Angeles,9208.226924579205,129.2,927,71.27110622739323
2024-05-01,Miami,3967.6569917589068,54.24,381,73.15001828464061
2024-05-01,Minneapolis,3602.6991113169265,50.0,350,72.05398222633853
2024-05-01,New York,15042.802323367923,196.14000000000001,1370,76.69420986727808
2024-05-01,Philadelphia,4590.35368007491,65.69,455,69.87903303508769
2024-05-01,Phoenix,3750.454348559122,51.24,358,73.19387877750043
2024-05-01,San Antonio,3431.0956147172897,50.0,350,68.62191229434579
2024-05-01,San Diego,3633.665440763767,50.0,350,72.67330881527533
2024-05-01,San Jose,3824.108880876498,50.0,350,76.48217761752996
2024-05-01,Seattle,3344.2952528539013,50.0,350,66.88590505707802
2024-05-01,Tampa,3537.7631680565996,50.0,350,70.755263361132
2024-06-01,Atlanta,4223.953075531628,58.38,410,72.35274195840404
2024-06-01,Austin,3635.0670004462286,50.0,350,72.70134000892457
2024-06-01,Boston,4216.880008973992,58.290000000000006,409,72.34311218003073
2024-06-01,Charlotte,3642.012050379949,50.0,350,72.84024100759898
2024-06-01,Chicago,6587.942046221474,91.52000000000001,646,71.98363249804932
2024-06-01,Dallas,5625.378092667322,78.89,542,71.30660530697581
2024-06-01,Denver,3498.958261144423,50.0,350,69.97916522288845
2024-06-01,Detroit,3392.916113085301,50.0,350,67.85832226170602
2024-06-01,Houston,4695.910144561071,65.72,451,71.4532888703754
2024-06-01,Los Angeles,8448.559751677063,123.15,864,68.60381446753604
2024-06-01,Miami,4055.3147563640023,56.66,400,71.5727983827039
2024-06-01,Minneapolis,3594.9010158621595,50.0,350,71.8980203172432
2024-06-01,New York,12430.596035156512,176.76,1258,70.32471167207802
2024-06-01,Philadelphia,4226.616098870358,61.25,430,69.005977124414
2024-06-01,Phoenix,3781.9272775406553,51.5,363,73.43548111729427
2024-06-01,San Antonio,3620.270201500006,50.0,350,72.40540403000011
2024-06-01,San Diego,3843.83483884204,50.0,350,76.8766967768408
2024-06-01,San Jose,3745.65485867272,50.0,350,74.9130971734544
2024-06-01,Seattle,3692.753088914488,50.0,350,73.85506177828977
2024-06-01,Tampa,3421.195985411036,50.0,350,68.42391970822072
2024-07-01,Atlanta,3907.91201113971,54.68,385,71.46876391989228
2024-07-01,Austin,3708.545802207977,50.0,350,74.17091604415954
2024-07-01,Boston,4224.4835695172615,58.92,408,71.69863492052379
2024-07-01,Charlotte,3601.0416031590294,50.0,350,72.02083206318059
2024-07-01,Chicago,6998.33038505603,100.37,710,69.72532016594629
2024-07-01,Dallas,5274.351532258164,75.38,526,69.97017156086713
2024-07-01,Denver,3746.8869525719074,50.0,350,74.93773905143814
2024-07-01,Detroit,3481.9633184184063,50.0,350,69.63926636836813
2024-07-01,Houston,4978.561214624363,67.14,459,74.15193944927559
2024-07-01,Los Angeles,9090.048513214366,120.49,845,75.44234802236174
2024-07-01,Miami,3728.3301752942166,54.82,385,68.01040086271828
2024-07-01,Minneapolis,3629.3658949409923,50.0,350,72.58731789881985
2024-07-01,New York,13273.971403519576,197.8,1376,67.10804551829916
2024-07-01,Philadelphia,4400.626977460352,61.230000000000004,438,71.87043895901276
2024-07-01,Phoenix,3905.741148221559,53.22,373,73.38859729841336
2024-07-01,San Antonio,3631.9126762351984,50.0,350,72.63825352470397
2024-07-01,San Diego,3664.066690719762,50.0,350,73.28133381439524
2024-07-01,San Jose,3763.594279530128,50.0,350,75.27188559060257
2024-07-01,Seattle,3599.7320629411442,50.0,350,71.99464125882288
2024-07-01,Tampa,3559.2845557546834,50.0,350,71.18569111509368
2024-08-01,Atlanta,4333.726743996535,60.02,417,72.2047108296657
2024-08-01,Austin,3650.7622997186463,50.0,350,73.01524599437293
2024-08-01,Boston,4277.002927999607,59.82,409,71.49787576060861
2024-08-01,Charlotte,3559.065018544939,50.0,350,71.18130037089878
2024-08-01,Chicago,6451.025919397125,97.82,686,65.94792393577106
2024-08-01,Dallas,5518.16061683336,76.06,536,72.55010014243176
2024-08-01,Denver,3546.3987967916223,50.0,350,70.92797593583245
2024-08-01,Detroit,3636.7532811811234,50.0,350,72.73506562362246
2024-08-01,Houston,4468.967949493865,65.28,454,68.45845510866826
2024-08-01,Los Angeles,9353.70404950623,140.17,981,66.7311411108385
2024-08-01,Miami,4612.566163909447,62.56,439,73.73027755609729
2024-08-01,Minneapolis,3532.996948271489,50.0,350,70.65993896542979
2024-08-01,New York,14016.257946045314,195.69,1387,71.62480426207428
2024-08-01,Philadelphia,4025.497589551843,58.64,416,68.64763965811464
2024-08-01,Phoenix,3976.6622130247233,52.62,366,75.57320815326347
2024-08-01,San Antonio,3638.793262741544,50.0,350,72.77586525483088
2024-08-01,San Diego,3666.967129588357,50.0,350,73.33934259176714
2024-08-01,San Jose,3539.1140213505555,50.0,350,70.78228042701112
2024-08-01,Seattle,3756.9000257295033,50.0,350,75.13800051459006
2024-08-01,Tampa,3622.3367166553735,50.0,350,72.44673433310747
2024-09-01,Atlanta,4003.096392922915,53.07,371,75.43049543853242
2024-09-01,Austin,3646.481376336891,50.0,350,72.92962752673782
2024-09-01,Boston,3880.628826914029,54.51,390,71.19113606519959
2024-09-01,Charlotte,3436.2612354068697,50.0,350,68.72522470813739
2024-09-01,Chicago,6817.715467385039,98.05,693,69.5330491319229
2024-09-01,Dallas,5727.256142188426,78.7,558,72.7732673721528
2024-09-01,Denver,3571.382460775216,50.0,350,71.42764921550432
2024-09-01,Detroit,3472.120869387195,50.0,350,69.4424173877439
2024-09-01,Houston,4681.936545506318,65.11,460,71.90810237300443
2024-09-01,Los Angeles,8599.601016407376,122.08,857,70.44234122220983
2024-09-01,Miami,4587.4947193434955,61.410000000000004,435,74.70273114058777
2024-09-01,Minneapolis,3536.382837287782,50.0,350,70.72765674575564
2024-09-01,New York,13380.880065698144,191.31,1330,69.94344292351755
2024-09-01,Philadelphia,4207.540490168792,59.83,419,70.32492880108293
2024-09-01,Phoenix,3757.1201691400165,50.96,358,73.72684790306155
2024-09-01,San Antonio,3513.6159089417415,50.0,350,70.27231817883484
2024-09-01,San Diego,3522.2030020043358,50.0,350,70.44406004008671
2024-09-01,San Jose,3598.8019753693457,50.0,350,71.97603950738691
2024-09-01,Seattle,3539.463725920299,50.0,350,70.78927451840599
2024-09-01,Tampa,3426.239478353896,50.0,350,68.52478956707792
2024-10-01,Atlanta,4573.707828739833,62.31,440,73.40246876488256
2024-10-01,Austin,3526.066785617565,50.0,350,70.5213357123513
2024-10-01,Boston,4039.027855952797,52.97,368,76.25123382957895
2024-10-01,Charlotte,3527.501897016235,50.0,350,70.5500379403247
2024-10-01,Chicago,6483.193463330529,88.03,611,73.64754587448061
2024-10-01,Dallas,5732.634980548482,80.3,569,71.39022391716665
2024-10-01,Denver,3664.002597833742,50.0,350,73.28005195667484
2024-10-01,Detroit,3491.238893794473,50.0,350,69.82477787588945
2024-10-01,Houston,5120.891226896906,69.93,496,73.22881777344352
2024-10-01,Los Angeles,8634.883918738866,120.6,843,71.5993691437717
2024-10-01,Miami,4202.125690539509,60.86,424,69.04577210876617
2024-10-01,Minneapolis,3441.4718155291976,50.0,350,68.82943631058396
2024-10-01,New York,13651.66588301362,179.59,1245,76.01573519134485
2024-10-01,Philadelphia,4621.7799051247,63.02,447,73.33830379442558
2024-10-01,Phoenix,3734.5273865959293,51.4,361,72.65617483649667
2024-10-01,San Antonio,3674.9203602522575,50.0,350,73.49840720504515
2024-10-01,San Diego,3544.528057867133,50.0,350,70.89056115734266
2024-10-01,San Jose,3924.7491819697398,50.0,350,78.49498363939479
2024-10-01,Seattle,3645.4689641538835,50.0,350,72.90937928307767
2024-10-01,Tampa,3544.7597094451385,50.0,350,70.89519418890276
2024-11-01,Atlanta,3832.3800898687055,55.129999999999995,385,69.5153290380683
2024-11-01,Austin,3791.4512063115103,50.0,350,75.82902412623021
2024-11-01,Boston,3958.049139334781,53.44,376,74.06529078096521
2024-11-01,Charlotte,3635.8607362480707,50.0,350,72.71721472496141
2024-11-01,Chicago,6392.744408390962,95.41,658,67.00287609675047
2024-11-01,Dallas,5575.652674265728,75.3,529,74.04585224788484
2024-11-01,Denver,3660.7276974988604,50.0,350,73.2145539499772
2024-11-01,Detroit,3483.620813474671,50.0,350,69.67241626949343
2024-11-01,Houston,4833.7987041438555,66.63,466,72.54688134689863
2024-11-01,Los Angeles,8502.229432107048,121.46,852,70.0002423193401
2024-11-01,Miami,4106.193678462036,56.9,390,72.1650910098776
2024-11-01,Minneapolis,3727.308110386125,50.0,350,74.5461622077225
2024-11-01,New York,15145.301230007533,206.25,1431,73.43176353943046
2024-11-01,Philadelphia,4850.930245962729,64.34,453,75.39524783902283
2024-11-01,Phoenix,4038.9680194707767,53.77,376,75.11564105394785
2024-11-01,San Antonio,3699.0244754323376,50.0,350,73.98048950864676
2024-11-01,San Diego,3683.6424207251716,50.0,350,73.67284841450343
2024-11-01,San Jose,3723.249871966271,50.0,350,74.46499743932542
2024-11-01,Seattle,3521.901825277592,50.0,350,70.43803650555184
2024-11-01,Tampa,3493.021325049428,50.0,350,69.86042650098857
2024-12-01,Atlanta,4611.774312492105,57.6,412,80.0655262585435
2024-12-01,Austin,3736.364537578831,50.0,350,74.72729075157662
2024-12-01,Boston,4303.971822094673,57.24,406,75.19168102890764
2024-12-01,Charlotte,3874.9317127301997,50.0,350,77.498634254604
2024-12-01,Chicago,7063.445881951593,96.37,668,73.29506985526193
2024-12-01,Dallas,5722.584110855474,76.28,536,75.02076705369001
2024-12-01,Denver,3820.057355728114,50.0,350,76.40114711456228
2024-12-01,Detroit,3729.5284888521946,50.0,350,74.5905697770439
2024-12-01,Houston,5694.910342767463,74.15,528,76.80256699618964
2024-12-01,Los Angeles,8738.431281165724,121.27,839,72.05765054148367
2024-12-01,Miami,4435.639843839736,61.22,428,72.45409741652624
2024-12-01,Minneapolis,3895.093381799041,50.0,350,77.90186763598082
2024-12-01,New York,15443.692904210875,201.11,1390,76.79226743678024
2024-12-01,Philadelphia,4330.452890054994,56.870000000000005,399,76.14652523395452
2024-12-01,Phoenix,3772.275291919293,50.52,355,74.66894877116573
2024-12-01,San Antonio,3869.3830417048407,50.0,350,77.38766083409682
2024-12-01,San Diego,3742.9345987134648,50.0,350,74.85869197426929
2024-12-01,San Jose,3748.982671937817,50.0,350,74.97965343875634
2024-12-01,Seattle,3668.6950224515385,50.0,350,73.37390044903077
2024-12-01,Tampa,3734.986512915643,50.0,350,74.69973025831285
